<?xml version="1.0" encoding="UTF-8"?>
<project-private xmlns="http://www.netbeans.org/ns/project-private/1">
    <editor-bookmarks xmlns="http://www.netbeans.org/ns/editor-bookmarks/2" lastBookmarkId="0"/>
    <open-files xmlns="http://www.netbeans.org/ns/projectui-open-files/2">
        <group>
            <file>file:/D:/Semester7/Praktikum%20RSBK/TugasModul2_Kelompok26/TugasModul2_Kelompok26-war/web/css/bootstrap.min.css</file>
            <file>file:/D:/Semester7/Praktikum%20RSBK/TugasModul2_Kelompok26/TugasModul2_Kelompok26-war/web/js/bootstrap.min.js</file>
            <file>file:/D:/Semester7/Praktikum%20RSBK/TugasModul2_Kelompok26/TugasModul2_Kelompok26-war/web/index.html</file>
            <file>file:/D:/Semester7/Praktikum%20RSBK/TugasModul2_Kelompok26/TugasModul2_Kelompok26-war/src/java/Kelompok26/LoginServlet.java</file>
            <file>file:/D:/Semester7/Praktikum%20RSBK/TugasModul2_Kelompok26/TugasModul2_Kelompok26-war/web/LoginView.jsp</file>
            <file>file:/D:/Semester7/Praktikum%20RSBK/TugasModul2_Kelompok26/TugasModul2_Kelompok26-war/web/login.jsp</file>
        </group>
    </open-files>
</project-private>
