<?xml version="1.0" encoding="UTF-8"?>
<project-private xmlns="http://www.netbeans.org/ns/project-private/1">
    <editor-bookmarks xmlns="http://www.netbeans.org/ns/editor-bookmarks/2" lastBookmarkId="0"/>
    <open-files xmlns="http://www.netbeans.org/ns/projectui-open-files/2">
        <group>
            <file>file:/D:/Semester7/Praktikum%20RSBK/TugasModul2_Kelompok26/TugasModul2_Kelompok26-ejb/src/java/Kelompok26/ValidasiSession.java</file>
            <file>file:/D:/Semester7/Praktikum%20RSBK/TugasModul2_Kelompok26/TugasModul2_Kelompok26-ejb/src/java/Kelompok26/LoginSessionLocal.java</file>
            <file>file:/D:/Semester7/Praktikum%20RSBK/TugasModul2_Kelompok26/TugasModul2_Kelompok26-ejb/src/java/Kelompok26/LoginSession.java</file>
        </group>
    </open-files>
</project-private>
